connection_id,account_id,repo_github_id,login,_raw_data_params,_raw_data_table,_raw_data_id,_raw_data_remark
1,4979407,134018330,fufuok,"{""ConnectionId"":1,""Owner"":""panjf2000"",""Repo"":""ants""}",_raw_github_api_events,17,
1,7496278,134018330,panjf2000,"{""ConnectionId"":1,""Owner"":""panjf2000"",""Repo"":""ants""}",_raw_github_api_events,86,
1,14806824,134018330,iGen1us,"{""ConnectionId"":1,""Owner"":""panjf2000"",""Repo"":""ants""}",_raw_github_api_events,4,
1,15234973,134018330,lucafmarques,"{""ConnectionId"":1,""Owner"":""panjf2000"",""Repo"":""ants""}",_raw_github_api_events,83,
1,27162109,134018330,ShivanshVij,"{""ConnectionId"":1,""Owner"":""panjf2000"",""Repo"":""ants""}",_raw_github_api_events,76,
1,29474400,134018330,LiaoPuJian,"{""ConnectionId"":1,""Owner"":""panjf2000"",""Repo"":""ants""}",_raw_github_api_events,14,
1,30883503,134018330,yxiupei,"{""ConnectionId"":1,""Owner"":""panjf2000"",""Repo"":""ants""}",_raw_github_api_events,30,
1,35493957,134018330,codingfanlt,"{""ConnectionId"":1,""Owner"":""panjf2000"",""Repo"":""ants""}",_raw_github_api_events,85,
1,39076288,134018330,hugh-404,"{""ConnectionId"":1,""Owner"":""panjf2000"",""Repo"":""ants""}",_raw_github_api_events,21,
1,43371021,134018330,zqlpaopao,"{""ConnectionId"":1,""Owner"":""panjf2000"",""Repo"":""ants""}",_raw_github_api_events,20,
1,47515663,134018330,ZhMaio,"{""ConnectionId"":1,""Owner"":""panjf2000"",""Repo"":""ants""}",_raw_github_api_events,11,
1,48267340,134018330,imDpeng,"{""ConnectionId"":1,""Owner"":""panjf2000"",""Repo"":""ants""}",_raw_github_api_events,7,
1,77963837,134018330,FeurJak,"{""ConnectionId"":1,""Owner"":""panjf2000"",""Repo"":""ants""}",_raw_github_api_events,34,
