connection_id,merge_request_id,commit_sha,_raw_data_params,_raw_data_table,_raw_data_id,_raw_data_remark
1,79323397,1ab18b1106ee7c02ad1f25c5d848fb45076d4cc6,"{""ConnectionId"":1,""ProjectId"":20171709}",_raw_gitlab_api_merge_request_commits,1022,
1,79323397,77758e0fbbf32b68562c8704672d8f87c63b1ba0,"{""ConnectionId"":1,""ProjectId"":20171709}",_raw_gitlab_api_merge_request_commits,1021,
1,79888010,30878bf8a35d1dafe937d45383f337a2b0f6a28e,"{""ConnectionId"":1,""ProjectId"":20171709}",_raw_gitlab_api_merge_request_commits,1023,
1,79888010,3afec3448e02be6190f66c7fac40ac8beb46a742,"{""ConnectionId"":1,""ProjectId"":20171709}",_raw_gitlab_api_merge_request_commits,1024,
1,79888010,4aa88e8b0db2f71e5bf85f803c3bcc8849b8c319,"{""ConnectionId"":1,""ProjectId"":20171709}",_raw_gitlab_api_merge_request_commits,1025,
1,80769193,0863515da4849ae0fc4912d0db1f10f7a682734d,"{""ConnectionId"":1,""ProjectId"":20171709}",_raw_gitlab_api_merge_request_commits,1044,
1,80769193,251c726a47f691e674bcbd6b76daa07256a712ed,"{""ConnectionId"":1,""ProjectId"":20171709}",_raw_gitlab_api_merge_request_commits,1053,
1,80769193,4fa37c521dc0d6fa8e22198a66d343aa5a557fa7,"{""ConnectionId"":1,""ProjectId"":20171709}",_raw_gitlab_api_merge_request_commits,1049,
1,80769193,601b144160734ed4e65a176a9d927470a9e77552,"{""ConnectionId"":1,""ProjectId"":20171709}",_raw_gitlab_api_merge_request_commits,1045,
1,80769193,8cb62d7897529d6652d2f5f904553a053c2e9c31,"{""ConnectionId"":1,""ProjectId"":20171709}",_raw_gitlab_api_merge_request_commits,1048,
1,80769193,ae0cc25226e0900672236b6093123d8430149d76,"{""ConnectionId"":1,""ProjectId"":20171709}",_raw_gitlab_api_merge_request_commits,1046,
1,80769193,ca5e2d39d0770e298d83c9be04c8c8ccb1c26b09,"{""ConnectionId"":1,""ProjectId"":20171709}",_raw_gitlab_api_merge_request_commits,1052,
1,80769193,ceec18c8663dbcd1f4869ff7fc05c78a2b44c14d,"{""ConnectionId"":1,""ProjectId"":20171709}",_raw_gitlab_api_merge_request_commits,1047,
1,80769193,d5c676e162318ffc7c0ee9bac8b3caa946f9d915,"{""ConnectionId"":1,""ProjectId"":20171709}",_raw_gitlab_api_merge_request_commits,1050,
1,80769193,e3ddaed6b52a3b3e4cd04ca2e549c1359ce17dd4,"{""ConnectionId"":1,""ProjectId"":20171709}",_raw_gitlab_api_merge_request_commits,1051,
1,80924395,7a740e283c52f83e4713398146fced23cbb270dd,"{""ConnectionId"":1,""ProjectId"":20171709}",_raw_gitlab_api_merge_request_commits,1036,
1,80924395,88213f1d595f35930177c0703dd03fd4253c2726,"{""ConnectionId"":1,""ProjectId"":20171709}",_raw_gitlab_api_merge_request_commits,1035,
1,80924395,8f1d6f2b71e38cba100c4a7c68ecd68a2dcc1d08,"{""ConnectionId"":1,""ProjectId"":20171709}",_raw_gitlab_api_merge_request_commits,1043,
1,80924395,9991061c369241b2f1086ed2b92871b149cb5b76,"{""ConnectionId"":1,""ProjectId"":20171709}",_raw_gitlab_api_merge_request_commits,1041,
1,80924395,99ebda06c160d49cccac100368b05e2c3bd5c3c2,"{""ConnectionId"":1,""ProjectId"":20171709}",_raw_gitlab_api_merge_request_commits,1030,
1,80924395,ac000601d840f875d743f426244e96d8d3e33a7a,"{""ConnectionId"":1,""ProjectId"":20171709}",_raw_gitlab_api_merge_request_commits,1026,
1,80924395,b2d267c3789dc73a0c6b247168be0be4c538f676,"{""ConnectionId"":1,""ProjectId"":20171709}",_raw_gitlab_api_merge_request_commits,1031,
1,80924395,b4d7bd62bd48e1b9d63a320650d3acdc966f8c7f,"{""ConnectionId"":1,""ProjectId"":20171709}",_raw_gitlab_api_merge_request_commits,1034,
1,80924395,c20b115bb520349419df356c4eecbed242826e9b,"{""ConnectionId"":1,""ProjectId"":20171709}",_raw_gitlab_api_merge_request_commits,1028,
1,80924395,c47e011ca4bc3aa80dc94493853ea79917966047,"{""ConnectionId"":1,""ProjectId"":20171709}",_raw_gitlab_api_merge_request_commits,1042,
1,80924395,c7f9831c4d4ce3de0c0070324876ffc0da625497,"{""ConnectionId"":1,""ProjectId"":20171709}",_raw_gitlab_api_merge_request_commits,1040,
1,80924395,cc3d5f5651ebdba560ddcd2fec48312d6b29f6f3,"{""ConnectionId"":1,""ProjectId"":20171709}",_raw_gitlab_api_merge_request_commits,1038,
1,80924395,ce0367bce5932faed6f6de171a60991e374a67aa,"{""ConnectionId"":1,""ProjectId"":20171709}",_raw_gitlab_api_merge_request_commits,1027,
1,80924395,d3ebd9dfe6fac2489dc81347e7669b544e78f735,"{""ConnectionId"":1,""ProjectId"":20171709}",_raw_gitlab_api_merge_request_commits,1032,
1,80924395,e009ad82a20eef9e4ad06e875dffb3a20d4d059d,"{""ConnectionId"":1,""ProjectId"":20171709}",_raw_gitlab_api_merge_request_commits,1029,
1,80924395,e05b17768b63baaf212442637046bee04e2124d3,"{""ConnectionId"":1,""ProjectId"":20171709}",_raw_gitlab_api_merge_request_commits,1039,
1,80924395,edf4123702f9ad2040cfef9b01538d2b2feb4eb3,"{""ConnectionId"":1,""ProjectId"":20171709}",_raw_gitlab_api_merge_request_commits,1037,
1,80924395,ffeb3b37d65f9ecf00db745f0cdda0913d63b583,"{""ConnectionId"":1,""ProjectId"":20171709}",_raw_gitlab_api_merge_request_commits,1033,
