connection_id,workspace_id,user,name,_raw_data_params,_raw_data_table,_raw_data_id,_raw_data_remark
1,991,abc,abc,"{""ConnectionId"":1,""CompanyId"":99,""WorkspaceId"":991}",_raw_tapd_api_users,1,
1,991,abc1,abc1,"{""ConnectionId"":1,""CompanyId"":99,""WorkspaceId"":991}",_raw_tapd_api_users,2,
1,991,abc10,abc10,"{""ConnectionId"":1,""CompanyId"":99,""WorkspaceId"":991}",_raw_tapd_api_users,11,
1,991,abc2,abc2,"{""ConnectionId"":1,""CompanyId"":99,""WorkspaceId"":991}",_raw_tapd_api_users,3,
1,991,abc3,abc3,"{""ConnectionId"":1,""CompanyId"":99,""WorkspaceId"":991}",_raw_tapd_api_users,4,
1,991,abc4,abc4,"{""ConnectionId"":1,""CompanyId"":99,""WorkspaceId"":991}",_raw_tapd_api_users,5,
1,991,abc5,abc5,"{""ConnectionId"":1,""CompanyId"":99,""WorkspaceId"":991}",_raw_tapd_api_users,6,
1,991,abc6,abc6,"{""ConnectionId"":1,""CompanyId"":99,""WorkspaceId"":991}",_raw_tapd_api_users,7,
1,991,abc7,abc7,"{""ConnectionId"":1,""CompanyId"":99,""WorkspaceId"":991}",_raw_tapd_api_users,8,
1,991,abc8,abc8,"{""ConnectionId"":1,""CompanyId"":99,""WorkspaceId"":991}",_raw_tapd_api_users,9,
1,991,abc9,abc9,"{""ConnectionId"":1,""CompanyId"":99,""WorkspaceId"":991}",_raw_tapd_api_users,10,
